"time                    ","PSU Voltage","PSU Current","Target Voltage","DMM Current","Cap Voltage","Cap Resistance"
"2023-04-23 13:36:57.189136","1.006","0.0023","0","1504.9","0.674922","448.4829556781182"
"2023-04-23 13:36:57.277925","1.006","0.0005","0","464.3","0.903854","1946.7025629980617"
"2023-04-23 13:36:57.395347","1.006","-0.0001","0","105.9","0.982702","9279.527856468367"
"2023-04-23 13:36:57.486651","1.006","-0.0001","0","32.6","0.998828","30638.895705521474"
"2023-04-23 13:36:57.578408","1.006","-0.0001","0","7.1","1.004438","141470.14084507042"
"2023-04-23 13:36:57.710570","1.006","-0.0001","1.446","0","1.006","0"
"2023-04-23 13:36:57.804888","1.442","0.0005","1.446","728.0","1.2818399999999999","1760.7692307692305"
"2023-04-23 13:36:57.896911","1.442","-0.0001","1.446","217.9","1.394062","6397.714547957778"
"2023-04-23 13:36:57.985256","1.442","-0.0001","1.446","66.2","1.427436","21562.477341389727"
"2023-04-23 13:36:58.072709","1.442","-0.0001","1.446","16.3","1.4384139999999999","88246.25766871165"
"2023-04-23 13:36:58.198966","1.442","-0.0001","1.882","0","1.442","0"
"2023-04-23 13:36:58.285311","1.878","0.0011","1.882","797.3000000000001","1.702594","2135.4496425435846"
"2023-04-23 13:36:58.372742","1.893","-0.0001","1.882","255.59999999999997","1.836768","7186.103286384977"
"2023-04-23 13:36:58.461794","1.893","-0.0001","1.882","83.5","1.87463","22450.65868263473"
"2023-04-23 13:36:58.588290","1.893","-0.0001","1.882","13.200000000000001","1.890096","143189.0909090909"
"2023-04-23 13:36:58.691562","1.893","-0.0001","2.33278","1.0","1.89278","1892780.0"
"2023-04-23 13:36:58.780053","2.329","0.0011","2.33278","796.3","2.153814","2704.7770940600276"
"2023-04-23 13:36:58.868779","2.344","-0.0001","2.33278","251.5","2.2886699999999998","9100.079522862823"
"2023-04-23 13:36:58.986122","2.344","-0.0001","2.33278","55.0","2.3319","42398.181818181816"
"2023-04-23 13:36:59.073171","2.344","-0.0001","2.33278","14.3","2.3408539999999998","163696.0839160839"
"2023-04-23 13:36:59.159865","2.344","-0.0001","2.33278","3.1","2.343318","755909.0322580645"
"2023-04-23 13:36:59.301929","2.344","-0.0001","2.784","0","2.344","0"
"2023-04-23 13:36:59.390954","2.765","0.0011","2.784","793.1999999999999","2.590496","3265.8799798285427"
"2023-04-23 13:36:59.482251","2.794","-0.0001","2.784","243.4","2.740452","11259.046836483154"
"2023-04-23 13:36:59.571572","2.794","-0.0001","2.784","78.39999999999999","2.776752","35417.75510204082"
"2023-04-23 13:36:59.658396","2.794","-0.0001","2.784","21.4","2.789292","130340.74766355142"
"2023-04-23 13:36:59.781015","2.794","-0.0001","2.784","5.1000000000000005","2.792878","547623.1372549019"
"2023-04-23 13:36:59.881970","2.794","-0.0001","3.234","0","2.794","0"
"2023-04-23 13:36:59.970961","3.23","0.0011","3.234","771.8","3.060204","3965.022026431718"
"2023-04-23 13:37:00.061521","3.23","-0.0001","3.234","236.2","3.178036","13454.85182049111"
"2023-04-23 13:37:00.178740","3.23","-0.0001","3.234","50.9","3.218802","63237.76031434185"
"2023-04-23 13:37:00.268790","3.23","-0.0001","3.234","15.299999999999999","3.226634","210891.1111111111"
"2023-04-23 13:37:00.368639","3.23","-0.0001","3.67","0","3.23","0"
"2023-04-23 13:37:00.457774","3.666","0.0011","3.67","749.4","3.501132","4671.91353082466"
"2023-04-23 13:37:00.581925","3.666","-0.0001","3.67","150.70000000000002","3.632846","24106.47644326476"
"2023-04-23 13:37:00.671476","3.666","-0.0001","3.67","45.800000000000004","3.6559239999999997","79823.66812227073"
"2023-04-23 13:37:00.759762","3.666","-0.0001","3.67","12.2","3.663316","300271.8032786885"
"2023-04-23 13:37:00.848019","3.666","-0.0001","3.67","4.1","3.665098","893926.3414634147"
"2023-04-23 13:37:00.985905","3.666","-0.0001","4.106","0","3.666","0"
"2023-04-23 13:37:01.073181","4.102","0.0011","4.106","765.7","3.933546","5137.189499804101"
"2023-04-23 13:37:01.161858","4.102","-0.0001","4.106","243.4","4.048452","16632.91700903862"
"2023-04-23 13:37:01.250070","4.102","-0.0001","4.106","79.4","4.084532","51442.468513853906"
"2023-04-23 13:37:01.372832","4.102","-0.0001","4.106","10.200000000000001","4.099756","401936.862745098"
"2023-04-23 13:37:01.460864","4.102","-0.0001","4.106","3.1","4.101318","1323005.8064516129"
"2023-04-23 13:37:01.566674","4.102","-0.0001","4.541780000000001","1.0","4.101780000000001","4101780.000000001"
"2023-04-23 13:37:01.656066","4.538","0.0011","4.541780000000001","794.2","4.363276","5493.925963233442"
"2023-04-23 13:37:01.776094","4.553","-0.0001","4.541780000000001","166.0","4.51648","27207.710843373494"
"2023-04-23 13:37:01.867950","4.553","-0.0001","4.541780000000001","55.0","4.5409","82561.81818181818"
"2023-04-23 13:37:01.955985","4.553","-0.0001","4.541780000000001","15.299999999999999","4.549634","297361.6993464053"
"2023-04-23 13:37:02.043480","4.553","-0.0001","4.541780000000001","6.1","4.551658","746173.4426229508"
"2023-04-23 13:37:02.178329","4.553","-0.0001","4.993","0","4.553","0"
"2023-04-23 13:37:02.266945","4.989","0.0011","4.993","785.0999999999999","4.816278","6134.604508979748"
"2023-04-23 13:37:02.355100","4.989","-0.0001","4.993","249.5","4.9341099999999996","19775.991983967935"
"2023-04-23 13:37:02.444450","4.989","-0.0001","4.993","78.39999999999999","4.9717519999999995","63415.20408163265"
"2023-04-23 13:37:02.566923","4.989","-0.0001","4.993","16.3","4.985414","305853.6196319018"
"2023-04-23 13:37:02.654468","4.989","-0.0001","4.993","4.1","4.988098","1216609.268292683"
"2023-04-23 13:37:02.752441","4.989","-0.0001","5.429","0","4.989","0"
"2023-04-23 13:37:02.839605","5.439","0.0011","5.429","795.2","5.264056","6619.788732394366"
"2023-04-23 13:37:02.970111","5.439","-0.0001","5.429","149.70000000000002","5.406066","36112.66533066132"
"2023-04-23 13:37:03.060166","5.439","-0.0001","5.429","49.9","5.428022","108777.99599198397"
"2023-04-23 13:37:03.148861","5.439","-0.0001","5.429","18.3","5.434974","296993.11475409835"
"2023-04-23 13:37:03.236447","5.439","-0.0001","5.429","3.1","5.438318","1754296.129032258"
"2023-04-23 13:37:03.378907","5.439","-0.0001","5.8790000000000004","0","5.439","0"
"2023-04-23 13:37:03.465682","5.875","0.0011","5.8790000000000004","814.5999999999999","5.695788","6992.128652099191"
"2023-04-23 13:37:03.554285","5.89","-0.0001","5.8790000000000004","262.7","5.832205999999999","22201.01256185763"
"2023-04-23 13:37:03.642898","5.89","-0.0001","5.8790000000000004","82.5","5.871849999999999","71173.93939393939"
"2023-04-23 13:37:03.762001","5.89","-0.0001","5.8790000000000004","17.3","5.886194","340242.4277456647"
"2023-04-23 13:37:03.849937","5.89","-0.0001","5.8790000000000004","5.1000000000000005","5.888878","1154681.9607843137"
"2023-04-23 13:37:03.952609","5.89","-0.0001","6.33","0","5.89","0"
"2023-04-23 13:37:04.042106","6.326","0.0011","6.33","760.5999999999999","6.158668","8097.118064685775"
"2023-04-23 13:37:04.164187","6.326","-0.0001","6.33","161.9","6.290381999999999","38853.502161828284"
"2023-04-23 13:37:04.253165","6.326","-0.0001","6.33","49.9","6.315022","126553.54709418837"
"2023-04-23 13:37:04.341919","6.326","-0.0001","6.33","15.299999999999999","6.322634","413244.0522875817"
"2023-04-23 13:37:04.428858","6.326","-0.0001","6.33","4.1","6.325098","1542706.8292682928"
"2023-04-23 13:37:04.570881","6.326","-0.0001","6.766","0","6.326","0"
"2023-04-23 13:37:04.659013","6.777","0.0011","6.766","745.3","6.613034","8872.98269153361"
"2023-04-23 13:37:04.748039","6.777","-0.0001","6.766","240.3","6.724134","27982.247191011236"
"2023-04-23 13:37:04.835970","6.777","-0.0001","6.766","76.4","6.760192","88484.18848167539"
"2023-04-23 13:37:04.954994","6.777","-0.0001","6.766","14.3","6.773854","473696.0839160839"
"2023-04-23 13:37:05.042130","6.777","-0.0001","6.766","4.1","6.776098","1652706.8292682928"
"2023-04-23 13:37:05.148659","6.777","-0.0001","7.216780000000001","1.0","6.7767800000000005","6776780.000000001"
"2023-04-23 13:37:05.238029","7.213","0.0011","7.216780000000001","781.0","7.04118","9015.595390524968"
"2023-04-23 13:37:05.361235","7.213","-0.0001","7.216780000000001","158.8","7.178064","45201.91435768262"
"2023-04-23 13:37:05.450249","7.213","-0.0001","7.216780000000001","51.9","7.201582","138758.80539499037"
"2023-04-23 13:37:05.538473","7.213","-0.0001","7.216780000000001","13.200000000000001","7.210096","546219.3939393939"
"2023-04-23 13:37:05.626047","7.213","-0.0001","7.216780000000001","4.1","7.212098","1759048.2926829269"
"2023-04-23 13:37:05.761604","7.213","-0.0001","7.65256","2.0","7.21256","3606280.0"
"2023-04-23 13:37:05.850725","7.649","0.0011","7.65256","759.6","7.481888","9849.773565034227"
"2023-04-23 13:37:05.939444","7.649","-0.0001","7.65256","239.29999999999998","7.596354","31744.06184705391"
"2023-04-23 13:37:06.027205","7.649","-0.0001","7.65256","78.39999999999999","7.631752","97343.77551020408"
"2023-04-23 13:37:06.150998","7.649","-0.0001","7.65256","18.3","7.644974","417758.1420765027"
"2023-04-23 13:37:06.253042","7.649","-0.0001","8.089","0","7.649","0"
"2023-04-23 13:37:06.343205","8.099","0.0011","8.089","764.7","7.930766","10371.081469857461"
"2023-04-23 13:37:06.433485","8.099","-0.0001","8.089","245.4","8.045012","32783.25998370008"
"2023-04-23 13:37:06.550001","8.099","-0.0001","8.089","58.0","8.08624","139417.93103448275"
"2023-04-23 13:37:06.640478","8.099","-0.0001","8.089","15.299999999999999","8.095634","529126.4052287582"
"2023-04-23 13:37:06.732082","8.099","-0.0001","8.089","6.1","8.097658000000001","1327484.918032787"
"2023-04-23 13:37:06.862440","8.099","-0.0001","8.539","0","8.099","0"
"2023-04-23 13:37:06.950302","8.535","0.0011","8.539","786.1","8.362058","10637.397277700038"
"2023-04-23 13:37:07.037492","8.55","-0.0001","8.539","255.59999999999997","8.493768000000001","33230.70422535212"
"2023-04-23 13:37:07.126171","8.55","-0.0001","8.539","81.5","8.532070000000001","104687.9754601227"
"2023-04-23 13:37:07.214094","8.55","-0.0001","8.539","29.5","8.543510000000001","289610.50847457635"
"2023-04-23 13:37:07.342369","8.55","-0.0001","8.539","4.1","8.549098","2085145.853658537"
"2023-04-23 13:37:07.444027","8.55","-0.0001","8.98978","1.0","8.54978","8549780.0"
"2023-04-23 13:37:07.530851","8.986","0.0011","8.98978","821.6999999999999","8.805226000000001","10715.86467080443"
"2023-04-23 13:37:07.619127","9.0","-0.0001","8.98978","264.7","8.941766","33780.755572346054"
"2023-04-23 13:37:07.740819","9.0","-0.0001","8.98978","52.9","8.988362","169912.32514177696"
"2023-04-23 13:37:07.827817","9.0","-0.0001","8.98978","19.3","8.995754","466101.243523316"
"2023-04-23 13:37:07.916236","9.0","-0.0001","8.98978","7.1","8.998438","1267385.633802817"
"2023-04-23 13:37:08.041767","9.0","-0.0001","9.44","0","9.0","0"
"2023-04-23 13:37:08.130096","9.436","0.0011","9.44","777.9","9.264862","11910.093842396196"
"2023-04-23 13:37:08.217984","9.451","-0.0001","9.44","250.50000000000003","9.39589","37508.54291417165"
"2023-04-23 13:37:08.308891","9.451","-0.0001","9.44","78.39999999999999","9.433752","120328.46938775512"
"2023-04-23 13:37:08.396778","9.451","-0.0001","9.44","28.5","9.44473","331394.03508771927"
"2023-04-23 13:37:08.566262","9.451","-0.0001","9.89056","2.0","9.450560000000001","4725280.000000001"
"2023-04-23 13:37:08.654367","9.887","0.0011","9.89056","788.1","9.713618","12325.362263672123"
"2023-04-23 13:37:08.742433","9.887","-0.0001","9.89056","252.5","9.83145","38936.43564356436"
"2023-04-23 13:37:08.885662","9.887","-0.0001","9.89056","44.8","9.877144000000001","220471.96428571432"
"2023-04-23 13:37:08.974268","9.887","-0.0001","9.89056","12.2","9.884316","810189.8360655737"
"2023-04-23 13:37:09.066315","9.887","-0.0001","9.89056","5.1000000000000005","9.885878","1938407.450980392"
"2023-04-23 13:37:09.169376","9.887","-0.0001","10.32656","2.0","9.886560000000001","4943280.000000001"
"2023-04-23 13:37:09.307008","10.323","0.0005","10.32656","395.1","10.236078000000001","25907.562642369023"
"2023-04-23 13:37:09.396130","10.338","-0.0001","10.32656","129.3","10.309553999999999","79733.59628770301"
"2023-04-23 13:37:09.483043","10.338","-0.0001","10.32656","45.800000000000004","10.327924","225500.52401746722"
"2023-04-23 13:37:09.573303","10.338","-0.0001","10.32656","13.200000000000001","10.335096","782961.8181818181"
"2023-04-23 13:37:09.727754","10.338","-0.0001","10.77756","2.0","10.33756","5168780.0"
"2023-04-23 13:37:09.817126","10.774","0.0011","10.77756","750.4","10.608911999999998","14137.675906183365"
"2023-04-23 13:37:09.906353","10.774","-0.0001","10.77756","236.2","10.722036","45393.88653683319"
"2023-04-23 13:37:09.996008","10.774","-0.0001","10.77756","79.4","10.756532","135472.69521410577"
"2023-04-23 13:37:10.135286","10.774","-0.0001","10.77756","15.299999999999999","10.770634","703963.0065359477"
"2023-04-23 13:37:10.227604","10.774","-0.0001","10.77756","3.1","10.773318","3475263.870967742"
"2023-04-23 13:37:10.334561","10.774","-0.0001","11.213779999999998","1.0","10.773779999999999","10773779.999999998"
"2023-04-23 13:37:10.481635","11.195","0.0011","11.213779999999998","359.40000000000003","11.115932","30929.137451307735"
"2023-04-23 13:37:10.573348","11.21","-0.0001","11.213779999999998","116.10000000000001","11.184458000000001","96334.69422911284"
"2023-04-23 13:37:10.663158","11.21","-0.0001","11.213779999999998","38.699999999999996","11.201486000000001","289444.0826873385"
"2023-04-23 13:37:10.751665","11.21","-0.0001","11.213779999999998","12.2","11.207316","918632.4590163935"
"2023-04-23 13:37:10.904469","11.21","-0.0001","11.65","0","11.21","0"
"2023-04-23 13:37:10.993137","11.646","0.0011","11.65","777.9","11.474862000000002","14751.075973775552"
"2023-04-23 13:37:11.083773","11.66","-0.0001","11.65","254.60000000000002","11.603988","45577.329143754905"
"2023-04-23 13:37:11.173093","11.66","-0.0001","11.65","80.4","11.642312","144804.87562189056"
"2023-04-23 13:37:11.314170","11.66","-0.0001","11.65","17.3","11.656194","673768.4393063583"
"2023-04-23 13:37:11.403052","11.66","-0.0001","11.65","5.1000000000000005","11.658878","2286054.5098039214"
"2023-04-23 13:37:11.502540","11.66","-0.0001","12.1","0","11.66","0"
"2023-04-23 13:37:11.591111","12.096","0.0011","12.1","783.0","11.92374","15228.275862068967"
"2023-04-23 13:37:11.732667","12.096","-0.0001","12.1","135.4","12.066212","89115.30280649925"
"2023-04-23 13:37:11.821040","12.096","-0.0001","12.1","42.8","12.086584","282396.8224299066"
"2023-04-23 13:37:11.911090","12.096","-0.0001","12.1","15.299999999999999","12.092634","790368.2352941177"
"2023-04-23 13:37:12.000265","12.096","-0.0001","12.1","6.1","12.094658","1982730.8196721312"
"2023-04-23 13:37:12.131269","12.096","-0.0001","12.536","0","12.096","0"
"2023-04-23 13:37:12.225904","12.532","0.0011","12.536","726.0","12.37228","17041.707988980717"
"2023-04-23 13:37:12.318230","12.532","-0.0001","12.536","217.9","12.484062","57292.62046810463"
"2023-04-23 13:37:12.407053","12.532","-0.0001","12.536","68.2","12.516996","183533.66568914955"
"2023-04-23 13:37:12.551501","12.532","-0.0001","12.536","15.299999999999999","12.528634","818864.9673202615"
"2023-04-23 13:37:12.657752","12.532","-0.0001","12.971779999999999","1.0","12.53178","12531780.0"
"2023-04-23 13:37:12.746858","12.968","0.0011","12.971779999999999","785.0999999999999","12.795278","16297.641064832505"
"2023-04-23 13:37:12.836425","12.983","-0.0001","12.971779999999999","250.50000000000003","12.92789","51608.34331337325"
"2023-04-23 13:37:12.966226","12.983","-0.0001","12.971779999999999","52.9","12.971362000000001","245205.33081285446"
"2023-04-23 13:37:13.055880","12.983","-0.0001","12.971779999999999","18.3","12.978974000000001","709233.5519125683"
"2023-04-23 13:37:13.143047","12.983","-0.0001","12.971779999999999","7.1","12.981438","1828371.549295775"
"2023-04-23 13:37:13.269056","12.983","-0.0001","13.42256","2.0","12.982560000000001","6491280.000000001"
"2023-04-23 13:37:13.356991","13.419","0.0011","13.42256","797.3000000000001","13.243594","16610.553116769093"
"2023-04-23 13:37:13.447112","13.433","-0.0001","13.42256","255.59999999999997","13.376768","52334.773082942105"
"2023-04-23 13:37:13.535564","13.433","-0.0001","13.42256","84.5","13.41441","158750.41420118345"
"2023-04-23 13:37:13.626276","13.433","-0.0001","13.42256","26.5","13.42717","506685.6603773585"
"2023-04-23 13:37:13.763193","13.433","-0.0001","13.42256","5.1000000000000005","13.431878","2633701.5686274506"
"2023-04-23 13:37:13.865331","13.433","-0.0001","13.87256","2.0","13.43256","6716280.000000001"
"2023-04-23 13:37:13.955360","13.884","0.0011","13.87256","789.1","13.710398","17374.72817133443"
"2023-04-23 13:37:14.043292","13.884","-0.0001","13.87256","255.59999999999997","13.827768","54099.248826291085"
"2023-04-23 13:37:14.161120","13.884","-0.0001","13.87256","60.099999999999994","13.870778","230794.97504159735"
"2023-04-23 13:37:14.250196","13.884","-0.0001","13.87256","23.4","13.878852","593113.3333333334"
"2023-04-23 13:37:14.339167","13.884","-0.0001","13.87256","7.1","13.882438","1955272.957746479"
"2023-04-23 13:37:14.428028","13.884","-0.0001","13.87256","4.1","13.883098","3386121.4634146346"
"2023-04-23 13:37:14.565100","13.884","-0.0001","14.32356","2.0","13.883560000000001","6941780.000000001"
"2023-04-23 13:37:14.653622","14.32","0.0011","14.32356","781.0","14.14818","18115.467349551855"
"2023-04-23 13:37:14.745380","14.335","-0.0001","14.32356","247.4","14.280572000000001","57722.603071948266"
"2023-04-23 13:37:14.833948","14.335","-0.0001","14.32356","80.4","14.317312000000001","178076.01990049751"
"2023-04-23 13:37:14.957134","14.335","-0.0001","14.32356","13.200000000000001","14.332096000000002","1085764.8484848486"
"2023-04-23 13:37:15.047426","14.335","-0.0001","14.32356","6.1","14.333658000000002","2349780.0000000005"
"2023-04-23 13:37:15.137425","14.335","-0.0001","14.32356","4.1","14.334098000000001","3496121.4634146346"
"2023-04-23 13:37:15.259377","14.335","-0.0001","14.775","0","14.335","0"
"2023-04-23 13:37:15.347113","14.771","0.0011","14.775","785.0999999999999","14.598278","18594.16380078971"
"2023-04-23 13:37:15.437021","14.771","-0.0001","14.775","256.6","14.714548","57344.302416212005"
"2023-04-23 13:37:15.525065","14.771","-0.0001","14.775","80.4","14.753312000000001","183498.90547263683"
"2023-04-23 13:37:15.614191","14.771","-0.0001","14.775","28.5","14.76473","518060.70175438595"
"2023-04-23 13:37:15.752112","14.771","-0.0001","14.775","5.1000000000000005","14.769878","2896054.5098039214"
"2023-04-23 13:37:15.852092","14.771","-0.0001","15.211","0","14.771","0"
"2023-04-23 13:37:15.942980","15.207","0.0011","15.211","777.9","15.035862000000002","19328.785190898576"
"2023-04-23 13:37:16.034096","15.221","-0.0001","15.211","246.40000000000003","15.166792000000001","61553.53896103896"
"2023-04-23 13:37:16.151457","15.221","-0.0001","15.211","58.0","15.20824","262211.0344827586"
"2023-04-23 13:37:16.240910","15.221","-0.0001","15.211","14.3","15.217854","1064185.5944055945"
"2023-04-23 13:37:16.331257","15.221","-0.0001","15.211","6.1","15.219658","2495025.901639344"
"2023-04-23 13:37:16.421301","15.221","-0.0001","15.211","3.1","15.220318","4909780.0"
"2023-04-23 13:37:16.553118","15.221","-0.0001","15.661","0","15.221","0"
"2023-04-23 13:37:16.642258","15.657","0.0011","15.661","772.8000000000001","15.486984","20040.093167701863"
"2023-04-23 13:37:16.732076","15.672","-0.0001","15.661","246.40000000000003","15.617792000000001","63383.896103896106"
"2023-04-23 13:37:16.821444","15.672","-0.0001","15.661","76.4","15.655192000000001","204910.89005235603"
"2023-04-23 13:37:16.951522","15.672","-0.0001","15.661","21.4","15.667292","732116.4485981308"
"2023-04-23 13:37:17.040532","15.672","-0.0001","15.661","3.1","15.671318000000001","5055263.870967742"
"2023-04-23 13:37:17.143200","15.672","-0.0001","16.11156","2.0","15.671560000000001","7835780.000000001"
"2023-04-23 13:37:17.231074","16.122","0.0011","16.11156","806.4","15.944592","19772.559523809523"
"2023-04-23 13:37:17.353582","16.122","-0.0001","16.11156","176.2","16.083236","91278.2973893303"
"2023-04-23 13:37:17.444724","16.122","-0.0001","16.11156","54.0","16.11012","298335.55555555556"
"2023-04-23 13:37:17.534398","16.122","-0.0001","16.11156","23.4","16.116852","688754.358974359"
"2023-04-23 13:37:17.623405","16.122","-0.0001","16.11156","7.1","16.120438","2270484.2253521127"
"2023-04-23 13:37:17.754496","16.122","-0.0001","16.562","0","16.122","0"
"2023-04-23 13:37:17.842504","16.558","0.0011","16.562","793.1999999999999","16.383496","20654.936964195665"
"2023-04-23 13:37:17.931346","16.573","-0.0001","16.562","255.59999999999997","16.516768","64619.593114241005"
"2023-04-23 13:37:18.020140","16.573","-0.0001","16.562","85.5","16.554190000000002","193616.25730994155"
"2023-04-23 13:37:18.140188","16.573","-0.0001","16.562","18.3","16.568974","905408.4153005464"
"2023-04-23 13:37:18.228786","16.573","-0.0001","16.562","7.1","16.571438","2334005.352112676"
"2023-04-23 13:37:18.316641","16.573","-0.0001","16.562","7.1","16.571438","2334005.352112676"
"2023-04-23 13:37:18.441694","16.573","-0.0001","17.013","0","16.573","0"
"2023-04-23 13:37:18.529906","17.009","0.0011","17.013","777.9","16.837862","21645.278313407896"
"2023-04-23 13:37:18.618578","17.009","-0.0001","17.013","250.50000000000003","16.95389","67680.1996007984"
"2023-04-23 13:37:18.709345","17.009","-0.0001","17.013","79.4","16.991532","213999.14357682617"
"2023-04-23 13:37:18.797234","17.009","-0.0001","17.013","30.5","17.00229","557452.131147541"
"2023-04-23 13:37:18.937310","17.009","-0.0001","17.013","6.1","17.007658","2788140.6557377046"
"2023-04-23 13:37:19.038351","17.009","-0.0001","17.449","0","17.009","0"
"2023-04-23 13:37:19.131105","17.445","0.0011","17.449","765.7","17.276546","22563.074311087894"
"2023-04-23 13:37:19.219998","17.459","-0.0001","17.449","237.2","17.406816","73384.55311973019"
"2023-04-23 13:37:19.335385","17.459","-0.0001","17.449","59.1","17.445998","295194.551607445"
"2023-04-23 13:37:19.424606","17.459","-0.0001","17.449","17.3","17.455194","1008970.7514450866"
"2023-04-23 13:37:19.512998","17.459","-0.0001","17.449","6.1","17.457658","2861911.1475409833"
"2023-04-23 13:37:19.600635","17.459","-0.0001","17.449","7.1","17.457438","2458794.084507042"
"2023-04-23 13:37:19.739814","17.459","-0.0001","17.899","0","17.459","0"
"2023-04-23 13:37:19.831185","17.895","0.0011","17.899","747.4","17.730572","23723.002408348944"
"2023-04-23 13:37:19.923571","17.895","-0.0001","17.899","225.0","17.8455","79313.33333333334"
"2023-04-23 13:37:20.014179","17.895","-0.0001","17.899","74.3","17.878654","240627.9138627187"
"2023-04-23 13:37:20.131519","17.895","-0.0001","17.899","19.3","17.890754","926982.0725388601"
"2023-04-23 13:37:20.224528","17.895","-0.0001","17.899","7.1","17.893438","2520202.5352112674"
"2023-04-23 13:37:20.326822","17.895","-0.0001","18.33456","2.0","17.89456","8947280.0"
"2023-04-23 13:37:20.417522","18.332","0.0011","18.33456","754.5","18.16601","24076.88535453943"
"2023-04-23 13:37:20.533687","18.332","-0.0001","18.33456","172.10000000000002","18.294138","106299.46542707726"
"2023-04-23 13:37:20.623991","18.332","-0.0001","18.33456","56.0","18.31968","327137.1428571429"
"2023-04-23 13:37:20.711862","18.332","-0.0001","18.33456","19.3","18.327754000000002","949624.5595854922"
"2023-04-23 13:37:20.801819","18.332","-0.0001","18.33456","10.200000000000001","18.329756","1797034.901960784"
"2023-04-23 13:37:20.942165","18.332","-0.0001","18.771780000000003","1.0","18.331780000000002","18331780.000000004"
"2023-04-23 13:37:21.033469","18.768","0.0011","18.771780000000003","777.9","18.596862","23906.494408021597"
"2023-04-23 13:37:21.122456","18.782","-0.0001","18.771780000000003","242.3","18.728694","77295.47668179942"
"2023-04-23 13:37:21.210444","18.782","-0.0001","18.771780000000003","80.4","18.764312","233386.96517412935"
"2023-04-23 13:37:21.325402","18.782","-0.0001","18.771780000000003","20.400000000000002","18.777512","920466.274509804"
"2023-04-23 13:37:21.414698","18.782","-0.0001","18.771780000000003","8.1","18.780218","2318545.4320987654"
"2023-04-23 13:37:21.504143","18.782","-0.0001","18.771780000000003","3.1","18.781318","6058489.677419354"
"2023-04-23 13:37:21.641032","18.782","-0.0001","19.222","0","18.782","0"
"2023-04-23 13:37:21.728109","19.218","0.0011","19.222","797.3000000000001","19.042594","23883.85049542205"
"2023-04-23 13:37:21.822870","19.233","-0.0001","19.222","251.5","19.17767","76253.16103379722"
"2023-04-23 13:37:21.919727","19.233","-0.0001","19.222","78.39999999999999","19.215752000000002","245098.87755102044"
"2023-04-23 13:37:22.069699","19.233","-0.0001","19.222","14.3","19.229854","1344745.0349650348"
"2023-04-23 13:37:22.165103","19.233","-0.0001","19.222","3.1","19.232318","6203973.548387096"
"2023-04-23 13:37:22.272371","19.233","-0.0001","19.67256","2.0","19.23256","9616280.0"
"2023-04-23 13:37:22.368524","19.683","0.0011","19.67256","747.4","19.518572","26115.295691731335"
"2023-04-23 13:37:22.517525","19.683","-0.0001","19.67256","115.10000000000001","19.657678","170787.819287576"
"2023-04-23 13:37:22.611197","19.683","-0.0001","19.67256","35.6","19.675168","552673.2584269661"
"2023-04-23 13:37:22.701815","19.683","-0.0001","19.67256","14.3","19.679854","1376213.5664335664"
"2023-04-23 13:37:22.793623","19.683","-0.0001","19.67256","4.1","19.682098","4800511.707317074"
"2023-04-23 13:37:22.938816","19.683","-0.0001","20.12256","2.0","19.68256","9841280.0"
"2023-04-23 13:37:23.030641","20.119","0.0011","20.12256","754.5","19.95301","26445.341285619616"
"2023-04-23 13:37:23.120304","20.134","-0.0001","20.12256","235.2","20.082256","85383.74149659864"
"2023-04-23 13:37:23.209309","20.134","-0.0001","20.12256","75.3","20.117434","267163.79814077023"
"2023-04-23 13:37:23.327980","20.134","-0.0001","20.12256","18.3","20.129974","1099998.5792349726"
"2023-04-23 13:37:23.420503","20.134","-0.0001","20.12256","11.2","20.131536","1797458.5714285716"
"2023-04-23 13:37:23.531689","20.134","-0.0001","20.573780000000003","1.0","20.13378","20133780.000000004"
"2023-04-23 13:37:23.681993","20.57","0.0011","20.573780000000003","344.20000000000005","20.494276","59541.766414875055"
"2023-04-23 13:37:23.771701","20.57","-0.0001","20.573780000000003","113.0","20.54514","181815.3982300885"
"2023-04-23 13:37:23.860089","20.57","-0.0001","20.573780000000003","38.699999999999996","20.561486","531304.5478036175"
"2023-04-23 13:37:23.948504","20.57","-0.0001","20.573780000000003","16.3","20.566414","1261743.1901840493"
"2023-04-23 13:37:24.089259","20.57","-0.0001","20.573780000000003","3.1","20.569318","6635263.870967742"
"2023-04-23 13:37:24.192410","20.57","-0.0001","21.00956","2.0","20.56956","10284780.0"
"2023-04-23 13:37:24.285757","21.02","0.0011","21.00956","757.6","20.853328","27525.512143611406"
"2023-04-23 13:37:24.377881","21.02","-0.0001","21.00956","231.1","20.969158","90736.29597576807"
"2023-04-23 13:37:24.514064","21.02","-0.0001","21.00956","42.8","21.010583999999998","490901.4953271028"
"2023-04-23 13:37:24.606239","21.02","-0.0001","21.00956","17.3","21.016194","1214808.901734104"
"2023-04-23 13:37:24.695578","21.02","-0.0001","21.00956","4.1","21.019098","5126609.268292683"
"2023-04-23 13:37:24.787540","21.02","-0.0001","21.00956","6.1","21.018658","3445681.639344262"
"2023-04-23 13:37:24.918018","21.02","-0.0001","21.46","0","21.02","0"
"2023-04-23 13:37:25.005763","21.456","0.0011","21.46","793.1999999999999","21.281496","26829.924357034797"
"2023-04-23 13:37:25.096963","21.471","-0.0001","21.46","255.59999999999997","21.414768","83782.34741784037"
"2023-04-23 13:37:25.189818","21.471","-0.0001","21.46","84.5","21.45241","253874.67455621305"
"2023-04-23 13:37:25.332500","21.471","-0.0001","21.46","17.3","21.467194","1240878.2658959536"
"2023-04-23 13:37:25.422434","21.471","-0.0001","21.46","6.1","21.469658","3519616.06557377"
"2023-04-23 13:37:25.528556","21.471","-0.0001","21.910780000000003","1.0","21.47078","21470780.000000004"
"2023-04-23 13:37:25.616922","21.907","0.0011","21.910780000000003","810.5","21.72869","26808.994447871682"
"2023-04-23 13:37:25.756882","21.922","-0.0001","21.910780000000003","140.5","21.891090000000002","155808.4697508897"
"2023-04-23 13:37:25.846810","21.922","-0.0001","21.910780000000003","44.8","21.912144","489110.3571428572"
"2023-04-23 13:37:25.938090","21.922","-0.0001","21.910780000000003","19.3","21.917754000000002","1135634.9222797928"
"2023-04-23 13:37:26.027089","21.922","-0.0001","21.910780000000003","4.1","21.921098","5346609.268292683"
"2023-04-23 13:37:26.158933","21.922","-0.0001","22.36156","2.0","21.92156","10960780.0"
"2023-04-23 13:37:26.246918","22.358","0.0011","22.36156","796.3","22.182814","27857.357779731257"
"2023-04-23 13:37:26.341179","22.372","-0.0001","22.36156","242.3","22.318694","92111.82005777961"
"2023-04-23 13:37:26.430248","22.372","-0.0001","22.36156","79.4","22.354532","281543.22418136016"
"2023-04-23 13:37:26.551388","22.372","-0.0001","22.36156","21.4","22.367292","1045200.5607476636"
"2023-04-23 13:37:26.642873","22.372","-0.0001","22.36156","8.1","22.370218","2761755.3086419753"
"2023-04-23 13:37:26.735648","22.372","-0.0001","22.36156","4.1","22.371098","5456365.365853659"
"2023-04-23 13:37:26.869196","22.372","-0.0001","22.811780000000002","1.0","22.37178","22371780.000000004"
"2023-04-23 13:37:26.957526","22.808","0.0011","22.811780000000002","777.9","22.636862","29099.964005656257"
"2023-04-23 13:37:27.045396","22.808","-0.0001","22.811780000000002","255.59999999999997","22.751768","89013.17683881064"
"2023-04-23 13:37:27.134435","22.808","-0.0001","22.811780000000002","89.6","22.788288","254333.57142857145"
"2023-04-23 13:37:27.223421","22.808","-0.0001","22.811780000000002","30.5","22.801289999999998","747583.2786885245"
"2023-04-23 13:37:27.346445","22.808","-0.0001","22.811780000000002","7.1","22.806438","3212174.3661971833"
"2023-04-23 13:37:27.435205","22.808","-0.0001","22.811780000000002","6.1","22.806658","3738796.393442623"
"2023-04-23 13:37:27.541075","22.808","-0.0001","23.247780000000002","1.0","22.80778","22807780.000000004"
"2023-04-23 13:37:27.694092","23.23","0.0011","23.247780000000002","353.3","23.152274000000002","65531.48598924427"
"2023-04-23 13:37:27.783771","23.259","-0.0001","23.247780000000002","115.10000000000001","23.233678","201856.45525629888"
"2023-04-23 13:37:27.876724","23.259","-0.0001","23.247780000000002","39.7","23.250266","585649.0176322418"
"2023-04-23 13:37:27.966304","23.259","-0.0001","23.247780000000002","18.3","23.254974","1270763.606557377"
"2023-04-23 13:37:28.102926","23.259","-0.0001","23.247780000000002","5.1000000000000005","23.257878","4560368.235294118"
"2023-04-23 13:37:28.204644","23.259","-0.0001","23.699","0","23.259","0"
"2023-04-23 13:37:28.293885","23.695","0.0011","23.699","782.0","23.52296","30080.511508951407"
"2023-04-23 13:37:28.384083","23.709","-0.0001","23.699","246.40000000000003","23.654792","96001.5909090909"
"2023-04-23 13:37:28.528006","23.695","-0.0001","23.699","41.699999999999996","23.685826","568005.4196642686"
"2023-04-23 13:37:28.616590","23.709","-0.0001","23.699","18.3","23.704974","1295353.7704918033"
"2023-04-23 13:37:28.705940","23.695","-0.0001","23.699","7.1","23.693438","3337103.943661972"
"2023-04-23 13:37:28.811061","23.709","-0.0001","24.14856","2.0","23.70856","11854280.0"
"2023-04-23 13:37:28.952472","24.145","0.0005","24.14856","397.1","24.057638","60583.324099722995"
"2023-04-23 13:37:29.041253","24.145","-0.0001","24.14856","130.29999999999998","24.116334","185083.1465848043"
"2023-04-23 13:37:29.132188","24.145","-0.0001","24.14856","46.8","24.134704","515698.80341880344"
"2023-04-23 13:37:29.220459","24.145","-0.0001","24.14856","18.3","24.140974","1319178.9071038251"
"2023-04-23 13:37:29.343416","24.145","-0.0001","24.14856","4.1","24.144098","5888804.390243903"
"2023-04-23 13:37:29.434706","24.145","-0.0001","24.14856","4.1","24.144098","5888804.390243903"
"2023-04-23 13:37:29.525305","24.145","-0.0001","24.14856","3.1","24.144318","7788489.677419354"
"2023-04-23 13:37:29.646956","24.145","-0.0001","24.58456","2.0","24.14456","12072280.0"
"2023-04-23 13:37:29.735109","24.581","0.0011","24.58456","791.2","24.406935999999998","30847.997977755305"
"2023-04-23 13:37:29.823384","24.596","-0.0001","24.58456","255.59999999999997","24.539768","96008.48200312989"
"2023-04-23 13:37:29.911011","24.596","-0.0001","24.58456","86.5","24.57697","284126.82080924854"
"2023-04-23 13:37:29.999082","24.596","-0.0001","24.58456","32.6","24.588828","754258.5276073619"
"2023-04-23 13:37:30.141467","24.596","-0.0001","24.58456","5.1000000000000005","24.594878","4822525.098039215"
"2023-04-23 13:37:30.231882","24.596","-0.0001","24.58456","4.1","24.595098","5998804.390243903"
"2023-04-23 13:37:30.332662","24.596","-0.0001","25.036","0","24.596","0"
"2023-04-23 13:37:30.421286","25.032","0.0011","25.036","782.0","24.85996","31790.230179028134"
"2023-04-23 13:37:30.543243","25.046","-0.0001","25.036","166.0","25.00948","150659.51807228915"
"2023-04-23 13:37:30.631607","25.046","-0.0001","25.036","59.1","25.032998","423570.1861252115"
"2023-04-23 13:37:30.719551","25.046","-0.0001","25.036","25.5","25.04039","981976.0784313725"
"2023-04-23 13:37:30.809561","25.046","-0.0001","25.036","8.1","25.044218","3091878.765432099"
"2023-04-23 13:37:30.934460","25.046","-0.0001","25.036","5.1000000000000005","25.044878","4910760.392156863"
"2023-04-23 13:37:31.037742","25.046","-0.0001","25.48556","2.0","25.04556","12522780.0"
"2023-04-23 13:37:31.126719","25.497","0.0011","25.48556","777.9","25.325862","32556.706517547245"
"2023-04-23 13:37:31.214935","25.497","-0.0001","25.48556","255.59999999999997","25.440768","99533.52112676056"
"2023-04-23 13:37:31.335001","25.497","-0.0001","25.48556","66.2","25.482436","384931.0574018127"
"2023-04-23 13:37:31.423521","25.497","-0.0001","25.48556","24.4","25.491632","1044739.0163934426"
"2023-04-23 13:37:31.512629","25.497","-0.0001","25.48556","9.2","25.494976","2771193.043478261"
"2023-04-23 13:37:31.602253","25.497","-0.0001","25.48556","7.1","25.495438","3590906.7605633806"
"2023-04-23 13:37:31.729492","25.497","-0.0001","25.93656","2.0","25.49656","12748280.0"
"2023-04-23 13:37:31.820940","25.933","0.0011","25.93656","751.5","25.76767","34288.316699933464"
"2023-04-23 13:37:31.909781","25.933","-0.0001","25.93656","235.2","25.881256","110039.3537414966"
"2023-04-23 13:37:31.999050","25.933","-0.0001","25.93656","81.5","25.91507","317976.3190184049"
"2023-04-23 13:37:32.133078","25.933","-0.0001","25.93656","19.3","25.928754","1343458.756476684"
"2023-04-23 13:37:32.221883","25.933","-0.0001","25.93656","8.1","25.931218","3201384.938271605"
"2023-04-23 13:37:32.330542","25.933","-0.0001","26.372780000000002","1.0","25.93278","25932780.000000004"
"2023-04-23 13:37:32.479616","26.369","0.0011","26.372780000000002","340.1","26.294178","77313.07850632166"
"2023-04-23 13:37:32.568737","26.384","-0.0001","26.372780000000002","117.1","26.358238","225091.6994022203"
"2023-04-23 13:37:32.658936","26.384","-0.0001","26.372780000000002","41.699999999999996","26.374826","632489.8321342926"
"2023-04-23 13:37:32.751421","26.384","-0.0001","26.372780000000002","16.3","26.380414000000002","1618430.3067484663"
"2023-04-23 13:37:32.899832","26.384","-0.0001","26.372780000000002","4.1","26.383098","6434901.951219513"
"2023-04-23 13:37:32.991646","26.384","-0.0001","26.372780000000002","3.1","26.383318","8510747.741935484"
"2023-04-23 13:37:33.095974","26.384","-0.0001","26.824","0","26.384","0"
"2023-04-23 13:37:33.188669","26.834","0.0011","26.824","773.9","26.663742","34453.730456131285"
"2023-04-23 13:37:33.326927","26.834","-0.0001","26.824","135.4","26.804212","197963.16100443128"
"2023-04-23 13:37:33.418572","26.834","-0.0001","26.824","48.900000000000006","26.823242","548532.5562372188"
"2023-04-23 13:37:33.510212","26.834","-0.0001","26.824","17.3","26.830194","1550878.2658959536"
"2023-04-23 13:37:33.602350","26.834","-0.0001","26.824","8.1","26.832218","3312619.5061728396"
"2023-04-23 13:37:33.701384","26.834","-0.0001","26.824","5.1000000000000005","26.832878","5261348.62745098"
"2023-04-23 13:37:33.805738","26.834","-0.0001","27.27356","2.0","26.83356","13416780.0"
"2023-04-23 13:37:33.898491","27.285","0.0011","27.27356","762.7","27.117206","35554.2231545824"
"2023-04-23 13:37:33.989711","27.285","-0.0001","27.27356","235.2","27.233256","115787.6530612245"
"2023-04-23 13:37:34.120907","27.285","-0.0001","27.27356","49.9","27.274022","546573.5871743486"
"2023-04-23 13:37:34.209624","27.285","-0.0001","27.27356","17.3","27.281194","1576947.6300578034"
"2023-04-23 13:37:34.297658","27.285","-0.0001","27.27356","9.2","27.282976","2965540.8695652178"
"2023-04-23 13:37:34.385581","27.285","-0.0001","27.27356","6.1","27.283658","4472730.819672131"
"2023-04-23 13:37:34.507128","27.285","-0.0001","27.725","0","27.285","0"
"2023-04-23 13:37:34.597111","27.735","0.0011","27.725","797.3000000000001","27.559594","34566.15326727706"
"2023-04-23 13:37:34.686416","27.75","-0.0001","27.725","258.6","27.693108","107088.58468677494"
"2023-04-23 13:37:34.777519","27.75","-0.0001","27.725","83.5","27.73163","332115.32934131735"
"2023-04-23 13:37:34.918725","27.75","-0.0001","27.725","18.3","27.745974","1516173.4426229508"
"2023-04-23 13:37:35.007816","27.75","-0.0001","27.725","9.2","27.747976","3016084.347826087"
"2023-04-23 13:37:35.096834","27.75","-0.0001","27.725","5.1000000000000005","27.748878","5440956.470588235"
"2023-04-23 13:37:35.187812","27.75","-0.0001","27.725","5.1000000000000005","27.748878","5440956.470588235"
"2023-04-23 13:37:35.308010","27.75","-0.0001","28.189780000000003","1.0","27.74978","27749780.000000004"
"2023-04-23 13:37:35.398921","28.186","0.0011","28.189780000000003","806.4","28.008592","34732.87698412698"
"2023-04-23 13:37:35.489645","28.2","-0.0001","28.189780000000003","254.60000000000002","28.143988","110541.97957580518"
"2023-04-23 13:37:35.579967","28.2","-0.0001","28.189780000000003","83.5","28.18163","337504.55089820357"
"2023-04-23 13:37:35.714100","28.2","-0.0001","28.189780000000003","18.3","28.195974","1540763.606557377"
"2023-04-23 13:37:35.805800","28.2","-0.0001","28.189780000000003","7.1","28.198438","3971610.985915493"
"2023-04-23 13:37:35.895656","28.2","-0.0001","28.189780000000003","6.1","28.198658","4622730.819672131"
"2023-04-23 13:37:35.989275","28.2","-0.0001","28.189780000000003","3.1","28.199317999999998","9096554.193548387"
"2023-04-23 13:37:36.104775","28.2","-0.0001","28.64","0","28.2","0"
"2023-04-23 13:37:36.194421","28.651","0.0011","28.64","776.9","28.480082","36658.62015703437"
"2023-04-23 13:37:36.282519","28.651","-0.0001","28.64","256.6","28.594548","111436.27435697583"
"2023-04-23 13:37:36.373878","28.651","-0.0001","28.64","87.60000000000001","28.631728","326846.210045662"
"2023-04-23 13:37:36.510832","28.651","-0.0001","28.64","18.3","28.646974","1565408.4153005464"
"2023-04-23 13:37:36.605216","28.651","-0.0001","28.64","12.2","28.648316","2348222.62295082"
"2023-04-23 13:37:36.695366","28.651","-0.0001","28.64","3.1","28.650318","9242038.064516129"
"2023-04-23 13:37:36.812373","28.651","-0.0001","29.09056","2.0","28.65056","14325280.0"
"2023-04-23 13:37:36.901088","29.102","0.0011","29.09056","769.8","28.932644","37584.62457781242"
"2023-04-23 13:37:36.988675","29.102","-0.0001","29.09056","253.49999999999997","29.04623","114580.78895463512"
"2023-04-23 13:37:37.078322","29.102","-0.0001","29.09056","84.5","29.08341","344182.36686390534"
"2023-04-23 13:37:37.166725","29.102","-0.0001","29.09056","32.6","29.094828","892479.3865030674"
"2023-04-23 13:37:37.306414","29.102","-0.0001","29.09056","9.2","29.099976","3163040.8695652178"
"2023-04-23 13:37:37.395335","29.102","-0.0001","29.09056","3.1","29.101318","9387521.935483871"
"2023-04-23 13:37:37.488109","29.102","-0.0001","29.09056","5.1000000000000005","29.100878","5706054.509803922"
"2023-04-23 13:37:37.607411","29.102","-0.0001","29.542","0","29.102","0"
"2023-04-23 13:37:37.700673","29.538","0.0011","29.542","757.6","29.371328000000002","38768.91235480465"
"2023-04-23 13:37:37.791895","29.552","-0.0001","29.542","226.0","29.50228","130541.06194690266"
"2023-04-23 13:37:37.882362","29.552","-0.0001","29.542","76.4","29.535192","386586.2827225131"
"2023-04-23 13:37:37.974548","29.552","-0.0001","29.542","30.5","29.545289999999998","968698.0327868852"
"2023-04-23 13:37:38.103082","29.552","-0.0001","29.542","10.200000000000001","29.549756","2897034.901960784"
"2023-04-23 13:37:38.193837","29.552","-0.0001","29.542","5.1000000000000005","29.550878","5794289.803921568"
"2023-04-23 13:37:38.284758","29.552","-0.0001","29.542","4.1","29.551098","7207584.878048781"
"2023-04-23 13:37:38.374142","29.552","-0.0001","29.542","4.1","29.551098","7207584.878048781"
"2023-04-23 13:37:38.507938","29.552","-0.0001","29.991780000000002","1.0","29.55178","29551780.000000004"
"2023-04-23 13:37:38.595459","30.003","0.0011","29.991780000000002","820.7","29.822446","36337.816498111366"
"2023-04-23 13:37:38.687536","30.003","-0.0001","29.991780000000002","265.8","29.944524","112658.10383747179"
"2023-04-23 13:37:38.777282","30.003","-0.0001","29.991780000000002","84.5","29.98441","354845.0887573965"
"2023-04-23 13:37:38.896559","30.003","-0.0001","29.991780000000002","21.4","29.998292","1401789.3457943925"
"2023-04-23 13:37:38.985672","30.003","-0.0001","29.991780000000002","14.3","29.999854","2097891.888111888"
"2023-04-23 13:37:39.074829","30.003","-0.0001","29.991780000000002","4.1","30.002098","7317584.878048781"
"2023-04-23 13:37:39.199135","30.003","-0.0001","30.44256","2.0","30.00256","15001280.0"
"2023-04-23 13:37:39.289129","30.439","0.0011","30.44256","764.7","30.270766000000002","39585.152347325755"
"2023-04-23 13:37:39.378114","30.453","-0.0001","30.44256","245.4","30.399012","123875.35452322738"
"2023-04-23 13:37:39.467159","30.453","-0.0001","30.44256","86.5","30.43397","351837.80346820806"
"2023-04-23 13:37:39.556431","30.453","-0.0001","30.44256","32.6","30.445828","933921.1042944785"
"2023-04-23 13:37:39.694955","30.453","-0.0001","30.44256","6.1","30.451658","4992075.081967213"
"2023-04-23 13:37:39.784039","30.453","-0.0001","30.44256","7.1","30.451438","4288934.929577465"
"2023-04-23 13:37:39.884553","30.453","-0.0001","30.89256","2.0","30.45256","15226280.0"
"2023-04-23 13:37:39.975515","30.904","0.0011","30.89256","805.4","30.726812","38150.99577849516"
"2023-04-23 13:37:40.096690","30.904","-0.0001","30.89256","175.1","30.865478","176273.43232438606"
"2023-04-23 13:37:40.185358","30.904","-0.0001","30.89256","62.10000000000001","30.890338","497428.9533011272"
"2023-04-23 13:37:40.277126","30.904","-0.0001","30.89256","25.5","30.89839","1211701.5686274508"
"2023-04-23 13:37:40.370070","30.904","-0.0001","30.89256","13.200000000000001","30.901096","2340992.121212121"
"2023-04-23 13:37:40.486877","30.904","-0.0001","30.89256","9.2","30.901976","3358910.434782609"
"2023-04-23 13:37:40.589882","30.904","-0.0001","31.34356","2.0","30.90356","15451780.0"
"2023-04-23 13:37:40.679903","31.354","0.0011","31.34356","769.8","31.184644","40510.05975578072"
"2023-04-23 13:37:40.770424","31.354","-0.0001","31.34356","249.5","31.29911","125447.33466933867"
"2023-04-23 13:37:40.888544","31.354","-0.0001","31.34356","66.2","31.339436","473405.37764350453"
"2023-04-23 13:37:40.979812","31.354","-0.0001","31.34356","20.400000000000002","31.349512","1536740.7843137255"
"2023-04-23 13:37:41.068733","31.354","-0.0001","31.34356","12.2","31.351316","2569780.0"
"2023-04-23 13:37:41.158011","31.354","-0.0001","31.34356","5.1000000000000005","31.352878","6147623.137254901"
"2023-04-23 13:37:41.289008","31.354","-0.0001","31.794","0","31.354","0"
"2023-04-23 13:37:41.378652","31.79","0.0011","31.794","783.0","31.617739999999998","40380.255427841636"
"2023-04-23 13:37:41.469233","31.79","-0.0001","31.794","253.49999999999997","31.73423","125184.33925049311"
"2023-04-23 13:37:41.558505","31.79","-0.0001","31.794","86.5","31.77097","367294.450867052"
"2023-04-23 13:37:41.685694","31.79","-0.0001","31.794","23.4","31.784852","1358327.0085470085"
"2023-04-23 13:37:41.773456","31.79","-0.0001","31.794","10.200000000000001","31.787755999999998","3116446.6666666665"
"2023-04-23 13:37:41.863221","31.79","-0.0001","31.794","4.1","31.789098","7753438.536585366"
"2023-04-23 13:37:41.952365","31.79","-0.0001","31.794","6.1","31.788657999999998","5211255.409836065"
"2023-04-23 13:37:42.058011","31.79","-0.0001","31.794","4.1","31.789098","7753438.536585366"
"2023-04-23 13:37:42.160366","31.79","-0.0001","32.22956","2.0","31.789559999999998","15894780.0"
"2023-04-23 13:37:42.248973","32.241","0.0011","32.22956","785.0999999999999","32.068278","40846.10622850592"
"2023-04-23 13:37:42.336349","32.241","-0.0001","32.22956","263.7","32.182986","122043.93629124004"
"2023-04-23 13:37:42.479530","32.241","-0.0001","32.22956","46.8","32.230704","688690.2564102565"
"2023-04-23 13:37:42.569046","32.241","-0.0001","32.22956","22.4","32.236072","1439110.3571428573"
"2023-04-23 13:37:42.658509","32.241","-0.0001","32.22956","10.200000000000001","32.238756","3160662.3529411764"
"2023-04-23 13:37:42.745545","32.241","-0.0001","32.22956","3.1","32.240318","10400102.580645163"
"2023-04-23 13:37:42.879434","32.241","-0.0001","32.68056","2.0","32.24056","16120280.000000002"
"2023-04-23 13:37:42.968108","32.677","0.0011","32.68056","786.1","32.504058","41348.50273502099"
"2023-04-23 13:37:43.060008","32.692","-0.0001","32.68056","255.59999999999997","32.635768","127682.97339593114"
"2023-04-23 13:37:43.151129","32.692","-0.0001","32.68056","82.5","32.67385","396046.6666666667"
"2023-04-23 13:37:43.276951","32.692","-0.0001","32.68056","22.4","32.687072","1459244.285714286"
"2023-04-23 13:37:43.367327","32.692","-0.0001","32.68056","10.200000000000001","32.689756","3204878.0392156863"
"2023-04-23 13:37:43.458106","32.692","-0.0001","32.68056","6.1","32.690658","5359124.262295082"
"2023-04-23 13:37:43.548055","32.692","-0.0001","32.68056","4.1","32.691098","7973438.536585365"
"2023-04-23 13:37:43.649548","32.692","-0.0001","32.68056","3.1","32.691318","10545586.451612905"
"2023-04-23 13:37:43.738469","32.692","-0.0001","32.68056","4.1","32.691098","7973438.536585365"
"2023-04-23 13:37:43.840325","32.692","-0.0001","33.13156","2.0","32.69156","16345780.000000002"
"2023-04-23 13:37:43.930001","33.142","0.0011","33.13156","789.1","32.968398","41779.74654669877"
"2023-04-23 13:37:44.072677","33.142","-0.0001","33.13156","132.4","33.112872","250097.22054380667"
"2023-04-23 13:37:44.161037","33.142","-0.0001","33.13156","44.8","33.132144000000004","739556.7857142858"
"2023-04-23 13:37:44.250863","33.142","-0.0001","33.13156","20.400000000000002","33.137512","1624387.843137255"
"2023-04-23 13:37:44.338909","33.142","-0.0001","33.13156","11.2","33.139536","2958887.142857143"
"2023-04-23 13:37:44.460054","33.142","-0.0001","33.13156","6.1","33.140658","5432894.754098361"
"2023-04-23 13:37:44.551693","33.142","-0.0001","33.13156","3.1","33.141318000000005","10690747.741935486"
"2023-04-23 13:37:44.654984","33.142","-0.0001","33.58156","2.0","33.141560000000005","16570780.000000004"
"2023-04-23 13:37:44.745028","33.578","0.0011","33.58156","767.6999999999999","33.409106","43518.43949459425"
"2023-04-23 13:37:44.870897","33.593","-0.0001","33.58156","161.9","33.557382000000004","207272.27918468192"
"2023-04-23 13:37:44.959066","33.593","-0.0001","33.58156","56.0","33.58068","599655.0"
"2023-04-23 13:37:45.049676","33.593","-0.0001","33.58156","23.4","33.587852000000005","1435378.2905982907"
"2023-04-23 13:37:45.138471","33.593","-0.0001","33.58156","11.2","33.590536","2999155.0"
"2023-04-23 13:37:45.282689","33.593","-0.0001","34.032560000000004","2.0","33.592560000000006","16796280.000000004"
"2023-04-23 13:37:45.372297","34.029","0.0011","34.032560000000004","782.0","33.85696","43295.3452685422"
"2023-04-23 13:37:45.461976","34.043","-0.0001","34.032560000000004","249.5","33.98811","136224.8897795591"
"2023-04-23 13:37:45.606956","34.043","-0.0001","34.032560000000004","48.900000000000006","34.032242","695955.8691206543"
"2023-04-23 13:37:45.696513","34.043","-0.0001","34.032560000000004","15.299999999999999","34.039634","2224812.679738562"
"2023-04-23 13:37:45.787300","34.043","-0.0001","34.032560000000004","11.2","34.040535999999996","3039333.5714285714"
"2023-04-23 13:37:45.877154","34.043","-0.0001","34.032560000000004","4.1","34.042097999999996","8302950.731707317"
"2023-04-23 13:37:45.999073","34.043","-0.0001","34.032560000000004","3.1","34.042318","10981392.903225807"
"2023-04-23 13:37:46.088131","34.043","-0.0001","34.032560000000004","5.1000000000000005","34.041878","6674878.039215685"
"2023-04-23 13:37:46.193144","34.043","-0.0001","34.483","0","34.043","0"
"2023-04-23 13:37:46.282551","34.494","0.0011","34.483","786.1","34.321058","43659.91349701056"
"2023-04-23 13:37:46.425624","34.494","-0.0001","34.483","131.4","34.465092","262291.41552511416"
"2023-04-23 13:37:46.514690","34.494","-0.0001","34.483","46.8","34.483704","736831.2820512821"
"2023-04-23 13:37:46.604829","34.494","-0.0001","34.483","21.4","34.489292","1611649.1588785048"
"2023-04-23 13:37:46.695555","34.494","-0.0001","34.483","8.1","34.492218","4258298.518518519"
"2023-04-23 13:37:46.816095","34.494","-0.0001","34.483","3.1","34.493318","11126876.77419355"
"2023-04-23 13:37:46.905269","34.494","-0.0001","34.483","6.1","34.492658","5654534.098360656"
"2023-04-23 13:37:47.006815","34.494","-0.0001","34.934","0","34.494","0"
"2023-04-23 13:37:47.097887","34.93","0.0011","34.934","776.9","34.759082","44740.74140816064"
"2023-04-23 13:37:47.240743","34.944","-0.0001","34.934","131.4","34.915092","265716.07305936073"
"2023-04-23 13:37:47.328943","34.944","-0.0001","34.934","44.8","34.934144","779780.0000000001"
"2023-04-23 13:37:47.418657","34.944","-0.0001","34.934","19.3","34.939754","1810349.9481865284"
"2023-04-23 13:37:47.506617","34.944","-0.0001","34.934","10.200000000000001","34.941756000000005","3425662.352941177"
"2023-04-23 13:37:47.627292","34.944","-0.0001","34.934","5.1000000000000005","34.942878","6851544.705882353"
"2023-04-23 13:37:47.718107","34.944","-0.0001","34.934","3.1","34.943318000000005","11272038.06451613"
"2023-04-23 13:37:47.809602","34.944","-0.0001","34.934","3.1","34.943318000000005","11272038.06451613"
"2023-04-23 13:37:47.908912","34.944","-0.0001","35.384","0","34.944","0"
"2023-04-23 13:37:48.055811","35.38","0.0011","35.384","391.0","35.293980000000005","90265.93350383632"
"2023-04-23 13:37:48.146264","35.395","-0.0001","35.384","132.4","35.365872","267113.8368580061"
"2023-04-23 13:37:48.236084","35.395","-0.0001","35.384","45.800000000000004","35.384924000000005","772596.593886463"
"2023-04-23 13:37:48.325345","35.395","-0.0001","35.384","19.3","35.390754","1833717.823834197"
"2023-04-23 13:37:48.465949","35.395","-0.0001","35.384","7.1","35.393438","4984991.267605634"
"2023-04-23 13:37:48.553949","35.395","-0.0001","35.384","8.1","35.393218000000005","4369533.086419754"
"2023-04-23 13:37:48.655006","35.395","-0.0001","35.83478","1.0","35.394780000000004","35394780.00000001"
"2023-04-23 13:37:48.745077","35.846","0.0011","35.83478","776.9","35.675081999999996","45919.78633028703"
"2023-04-23 13:37:48.887178","35.846","-0.0001","35.83478","135.4","35.81621199999999","264521.50664697186"
"2023-04-23 13:37:48.976862","35.846","-0.0001","35.83478","47.9","35.835462","748130.7306889353"
"2023-04-23 13:37:49.065216","35.846","-0.0001","35.83478","18.3","35.84197399999999","1958577.8142076498"
"2023-04-23 13:37:49.154074","35.846","-0.0001","35.83478","12.2","35.843315999999994","2937976.721311475"
"2023-04-23 13:37:49.272868","35.846","-0.0001","35.83478","8.1","35.844218","4425212.098765432"
"2023-04-23 13:37:49.382015","35.846","-0.0001","36.28556","2.0","35.84556","17922780.0"
"2023-04-23 13:37:49.470935","36.296","0.0011","36.28556","774.9","36.125522","46619.59220544586"
"2023-04-23 13:37:49.560926","36.311","-0.0001","36.28556","251.5","36.25567","144157.73359840957"
"2023-04-23 13:37:49.703143","36.311","-0.0001","36.28556","48.900000000000006","36.300242","742336.2372188139"
"2023-04-23 13:37:49.794082","36.311","-0.0001","36.28556","22.4","36.306072","1620806.785714286"
"2023-04-23 13:37:49.882242","36.311","-0.0001","36.28556","11.2","36.308536","3241833.5714285714"
"2023-04-23 13:37:49.971531","36.311","-0.0001","36.28556","8.1","36.309218","4482619.50617284"
"2023-04-23 13:37:50.088683","36.311","-0.0001","36.28556","7.1","36.309438","5114005.352112676"
"2023-04-23 13:37:50.177935","36.311","-0.0001","36.28556","4.1","36.310097999999996","8856121.463414634"
"2023-04-23 13:37:50.268870","36.311","-0.0001","36.28556","3.1","36.310318","11713005.806451613"
"2023-04-23 13:37:50.358310","36.311","-0.0001","36.28556","3.1","36.310318","11713005.806451613"
"2023-04-23 13:37:50.469035","36.311","-0.0001","36.75078","1.0","36.31078","36310780.0"
"2023-04-23 13:37:50.556139","36.747","0.0011","36.75078","822.7","36.566006","44446.342530691625"
"2023-04-23 13:37:50.644489","36.761","-0.0001","36.75078","269.8","36.701644","136032.77983691625"
"2023-04-23 13:37:50.734858","36.761","-0.0001","36.75078","90.60000000000001","36.741068000000006","405530.5518763797"
"2023-04-23 13:37:50.823332","36.761","-0.0001","36.75078","36.699999999999996","36.752926","1001442.1253405996"
"2023-04-23 13:37:50.963078","36.761","-0.0001","36.75078","7.1","36.759438","5177385.633802817"
"2023-04-23 13:37:51.054472","36.761","-0.0001","36.75078","7.1","36.759438","5177385.633802817"
"2023-04-23 13:37:51.156605","36.761","-0.0001","37.20056","2.0","36.760560000000005","18380280.000000004"
"2023-04-23 13:37:51.246776","37.183","0.0011","37.20056","760.5999999999999","37.015668","48666.40546936629"
"2023-04-23 13:37:51.366937","37.197","-0.0001","37.20056","173.1","37.158918","214667.34835355286"
"2023-04-23 13:37:51.456721","37.197","-0.0001","37.20056","62.10000000000001","37.183338000000006","598765.5072463768"
"2023-04-23 13:37:51.546356","37.197","-0.0001","37.20056","22.4","37.192072","1660360.3571428573"
"2023-04-23 13:37:51.638117","37.197","-0.0001","37.20056","12.2","37.194316","3048714.426229508"
"2023-04-23 13:37:51.758139","37.197","-0.0001","37.20056","6.1","37.195658","6097648.852459016"
"2023-04-23 13:37:51.859136","37.197","-0.0001","37.63656","2.0","37.196560000000005","18598280.000000004"
"2023-04-23 13:37:51.948447","37.648","0.0011","37.63656","782.0","37.47596","47923.22250639386"
"2023-04-23 13:37:52.041267","37.648","-0.0001","37.63656","256.6","37.591548","146498.6282151208"
"2023-04-23 13:37:52.158780","37.648","-0.0001","37.63656","62.10000000000001","37.63433800000001","606027.9871175524"
"2023-04-23 13:37:52.248787","37.648","-0.0001","37.63656","24.4","37.642632000000006","1542730.8196721314"
"2023-04-23 13:37:52.340127","37.648","-0.0001","37.63656","15.299999999999999","37.644634","2460433.5947712422"
"2023-04-23 13:37:52.428634","37.648","-0.0001","37.63656","8.1","37.646218000000005","4647681.234567902"
"2023-04-23 13:37:52.560134","37.648","-0.0001","38.08756","2.0","37.647560000000006","18823780.000000004"
"2023-04-23 13:37:52.647906","38.084","0.0011","38.08756","800.3","37.907934000000004","47367.15481694365"
"2023-04-23 13:37:52.737655","38.098","-0.0001","38.08756","261.70000000000005","38.040426","145358.90714558653"
"2023-04-23 13:37:52.826127","38.098","-0.0001","38.08756","90.60000000000001","38.078068","420287.72626931564"
"2023-04-23 13:37:52.954979","38.098","-0.0001","38.08756","28.5","38.09173","1336551.9298245613"
"2023-04-23 13:37:53.044069","38.098","-0.0001","38.08756","12.2","38.095316","3122566.8852459015"
"2023-04-23 13:37:53.135364","38.098","-0.0001","38.08756","6.1","38.096658","6245353.770491803"
"2023-04-23 13:37:53.225338","38.098","-0.0001","38.08756","5.1000000000000005","38.096878","7469976.078431372"
"2023-04-23 13:37:53.341834","38.098","-0.0001","38.538","0","38.098","0"
"2023-04-23 13:37:53.430360","38.549","0.0011","38.538","811.5","38.37047","47283.38878619839"
"2023-04-23 13:37:53.520352","38.549","-0.0001","38.538","261.70000000000005","38.491426","147082.25448987389"
"2023-04-23 13:37:53.609634","38.549","-0.0001","38.538","92.7","38.528605999999996","415626.81769147783"
"2023-04-23 13:37:53.749495","38.549","-0.0001","38.538","21.4","38.544292","1801135.1401869159"
"2023-04-23 13:37:53.837175","38.549","-0.0001","38.538","12.2","38.546316","3159534.0983606554"
"2023-04-23 13:37:53.923783","38.549","-0.0001","38.538","11.2","38.546535999999996","3441655.0"
"2023-04-23 13:37:54.013307","38.549","-0.0001","38.538","3.1","38.548318","12434941.290322581"
"2023-04-23 13:37:54.125040","38.549","-0.0001","38.538","4.1","38.548097999999996","9401975.121951219"
"2023-04-23 13:37:54.215142","38.549","-0.0001","38.538","3.1","38.548318","12434941.290322581"
"2023-04-23 13:37:54.304909","38.549","-0.0001","38.538","5.1000000000000005","38.547878","7558407.450980391"
"2023-04-23 13:37:54.394668","38.549","-0.0001","38.538","3.1","38.548318","12434941.290322581"
"2023-04-23 13:37:54.543869","38.549","-0.0001","38.98878","1.0","38.54878","38548780.0"
"2023-04-23 13:37:54.632297","39.0","0.0011","38.98878","757.6","38.833328","51258.35269271384"
"2023-04-23 13:37:54.721675","39.0","-0.0001","38.98878","251.5","38.94467","154849.5825049702"
"2023-04-23 13:37:54.810548","39.0","-0.0001","38.98878","86.5","38.98097","450647.0520231214"
"2023-04-23 13:37:54.955537","39.0","-0.0001","38.98878","22.4","38.995072","1740851.4285714286"
"2023-04-23 13:37:55.045754","39.0","-0.0001","38.98878","10.200000000000001","38.997756","3823309.411764706"
"2023-04-23 13:37:55.134481","39.0","-0.0001","38.98878","8.1","38.998218","4814594.814814814"
"2023-04-23 13:37:55.227792","39.0","-0.0001","38.98878","5.1000000000000005","38.998878","7646838.823529411"
"2023-04-23 13:37:55.361797","39.0","-0.0001","39.43978","1.0","38.99978","38999780.0"
"2023-04-23 13:37:55.451009","39.436","0.0011","39.43978","784.0","39.26352","50081.02040816327"
"2023-04-23 13:37:55.540469","39.45","-0.0001","39.43978","258.6","39.393108000000005","152332.20417633414"
"2023-04-23 13:37:55.630553","39.45","-0.0001","39.43978","85.5","39.43119","461183.50877192983"
"2023-04-23 13:37:55.771886","39.45","-0.0001","39.43978","22.4","39.445072","1760940.7142857146"
"2023-04-23 13:37:55.860165","39.45","-0.0001","39.43978","11.2","39.447536","3522101.4285714286"
"2023-04-23 13:37:55.949457","39.45","-0.0001","39.43978","4.1","39.449098","9621731.219512196"
"2023-04-23 13:37:56.039496","39.45","-0.0001","39.43978","9.2","39.447976000000004","4287823.47826087"
"2023-04-23 13:37:56.158518","39.45","-0.0001","39.43978","4.1","39.449098","9621731.219512196"
"2023-04-23 13:37:56.264786","39.45","-0.0001","39.88978","1.0","39.449780000000004","39449780.00000001"
"2023-04-23 13:37:56.355512","39.901","0.0011","39.88978","794.2","39.726276000000006","50020.493578443726"
"2023-04-23 13:37:56.444265","39.901","-0.0001","39.88978","259.6","39.84388800000001","153481.84899845917"
"2023-04-23 13:37:56.586428","39.901","-0.0001","39.88978","50.9","39.889802","783689.6267190571"
"2023-04-23 13:37:56.675947","39.901","-0.0001","39.88978","22.4","39.896072000000004","1781074.6428571432"
"2023-04-23 13:37:56.764318","39.901","-0.0001","39.88978","7.1","39.899438","5619639.154929578"
"2023-04-23 13:37:56.854684","39.901","-0.0001","39.88978","6.1","39.899658","6540927.540983607"
"2023-04-23 13:37:56.974619","39.901","-0.0001","39.88978","8.1","39.899218000000005","4925829.382716049"
"2023-04-23 13:37:57.063271","39.901","-0.0001","39.88978","4.1","39.900098","9731731.219512196"
"2023-04-23 13:37:57.155628","39.901","-0.0001","39.88978","7.1","39.899438","5619639.154929578"
"2023-04-23 13:37:57.244454","39.901","-0.0001","39.88978","3.1","39.900318000000006","12871070.322580647"
"2023-04-23 13:37:57.359461","39.901","-0.0001","39.88978","4.1","39.900098","9731731.219512196"
"2023-04-23 13:37:57.462710","39.901","-0.0001","40.341","0","39.901","0"
"2023-04-23 13:37:57.551062","40.337","0.0011","40.341","790.0999999999999","40.163178","50833.031261865595"
"2023-04-23 13:37:57.640949","40.351","-0.0001","40.341","257.59999999999997","40.294328","156422.08074534163"
"2023-04-23 13:37:57.781839","40.351","-0.0001","40.341","49.9","40.340022","808417.2745490981"
"2023-04-23 13:37:57.870341","40.351","-0.0001","40.341","21.4","40.346292","1885340.7476635515"
"2023-04-23 13:37:57.959504","40.351","-0.0001","40.341","11.2","40.348535999999996","3602547.857142857"
"2023-04-23 13:37:58.048420","40.351","-0.0001","40.341","4.1","40.350097999999996","9841487.31707317"
"2023-04-23 13:37:58.179575","40.351","-0.0001","40.79078","1.0","40.35078","40350780.0"
"2023-04-23 13:37:58.267414","40.802","0.0011","40.79078","813.6","40.623008","49929.95083579154"
"2023-04-23 13:37:58.358409","40.802","-0.0001","40.79078","268.79999999999995","40.742864","151573.15476190476"
"2023-04-23 13:37:58.451315","40.802","-0.0001","40.79078","88.6","40.782508","460299.1873589165"
"2023-04-23 13:37:58.594145","40.802","-0.0001","40.79078","24.4","40.796632","1671993.1147540985"
"2023-04-23 13:37:58.683198","40.802","-0.0001","40.79078","8.1","40.800218","5037063.950617284"
"2023-04-23 13:37:58.776265","40.802","-0.0001","40.79078","9.2","40.799976","4434780.0"
"2023-04-23 13:37:58.865045","40.802","-0.0001","40.79078","6.1","40.800658","6688632.459016393"
"2023-04-23 13:37:58.986323","40.802","-0.0001","40.79078","3.1","40.801318","13161715.483870968"
"2023-04-23 13:37:59.074461","40.802","-0.0001","40.79078","5.1000000000000005","40.800878","8000172.156862744"
"2023-04-23 13:37:59.163168","40.802","-0.0001","40.79078","3.1","40.801318","13161715.483870968"
"2023-04-23 13:37:59.252455","40.802","-0.0001","40.79078","3.1","40.801318","13161715.483870968"
"2023-04-23 13:37:59.371397","40.802","-0.0001","40.79078","3.1","40.801318","13161715.483870968"
"2023-04-23 13:37:59.473864","40.802","-0.0001","41.242","0","40.802","0"
"2023-04-23 13:37:59.562654","41.238","0.0011","41.242","800.3","41.061934","51308.176933649884"
"2023-04-23 13:37:59.653039","41.252","-0.0001","41.242","257.59999999999997","41.195328","159919.75155279506"
"2023-04-23 13:37:59.793621","41.252","-0.0001","41.242","51.9","41.240582","794616.2235067438"
"2023-04-23 13:37:59.882121","41.252","-0.0001","41.242","17.3","41.248194000000005","2384288.6705202316"
"2023-04-23 13:37:59.971289","41.252","-0.0001","41.242","10.200000000000001","41.249756000000005","4044093.725490196"
"2023-04-23 13:38:00.058415","41.252","-0.0001","41.242","10.200000000000001","41.249756000000005","4044093.725490196"
"2023-04-23 13:38:00.172312","41.252","-0.0001","41.242","5.1000000000000005","41.250878","8088407.450980391"
"2023-04-23 13:38:00.261781","41.252","-0.0001","41.242","4.1","41.251098","10061243.414634148"
"2023-04-23 13:38:00.363890","41.252","-0.0001","41.692","0","41.252","0"
"2023-04-23 13:38:00.453566","41.703","0.0011","41.692","802.4","41.526472000000005","51752.831505483555"
"2023-04-23 13:38:00.589866","41.718","-0.0001","41.692","147.60000000000002","41.685528000000005","282422.27642276423"
"2023-04-23 13:38:00.679411","41.718","-0.0001","41.692","56.0","41.70568","744744.2857142858"
"2023-04-23 13:38:00.768230","41.718","-0.0001","41.692","20.400000000000002","41.713512","2044780.0"
"2023-04-23 13:38:00.856677","41.718","-0.0001","41.692","12.2","41.715316","3419288.1967213117"
"2023-04-23 13:38:00.976702","41.718","-0.0001","41.692","11.2","41.715536","3724601.4285714286"
"2023-04-23 13:38:01.067596","41.718","-0.0001","41.692","4.1","41.717098","10174901.951219512"
"2023-04-23 13:38:01.159407","41.718","-0.0001","41.692","4.1","41.717098","10174901.951219512"
"2023-04-23 13:38:01.249692","41.718","-0.0001","41.692","3.1","41.717318000000006","13457199.354838712"
"2023-04-23 13:38:01.363398","41.718","-0.0001","41.692","4.1","41.717098","10174901.951219512"
"2023-04-23 13:38:01.453321","41.718","-0.0001","41.692","3.1","41.717318000000006","13457199.354838712"
"2023-04-23 13:38:01.545292","41.718","-0.0001","41.692","4.1","41.717098","10174901.951219512"
"2023-04-23 13:38:01.646897","41.718","-0.0001","42.158","0","41.718","0"
"2023-04-23 13:38:01.792598","42.168","0.0005","42.158","408.3","42.078174","103057.00220426156"
"2023-04-23 13:38:01.886727","42.168","-0.0001","42.158","125.2","42.140456","336585.11182108626"
"2023-04-23 13:38:01.979981","42.168","-0.0001","42.158","46.8","42.157704","900805.6410256411"
"2023-04-23 13:38:02.072966","42.168","-0.0001","42.158","16.3","42.164414","2586773.8650306747"
"2023-04-23 13:38:02.217377","42.168","-0.0001","42.158","6.1","42.166658","6912566.8852459015"
"2023-04-23 13:38:02.310868","42.168","-0.0001","42.158","6.1","42.166658","6912566.8852459015"
"2023-04-23 13:38:02.418523","42.168","-0.0001","42.60756","2.0","42.16756","21083780.0"
"2023-04-23 13:38:02.568585","42.619","0.0011","42.60756","351.29999999999995","42.541714","121097.96185596357"
"2023-04-23 13:38:02.661380","42.619","-0.0001","42.60756","121.2","42.592336","351421.91419141914"
"2023-04-23 13:38:02.754614","42.619","-0.0001","42.60756","42.8","42.609584","995551.0280373832"
"2023-04-23 13:38:02.844674","42.619","-0.0001","42.60756","20.400000000000002","42.614512","2088946.6666666665"
"2023-04-23 13:38:02.980591","42.619","-0.0001","42.60756","8.1","42.617218","5261384.9382716045"
"2023-04-23 13:38:03.068024","42.619","-0.0001","42.60756","4.1","42.618097999999996","10394658.048780488"
"2023-04-23 13:38:03.160920","42.619","-0.0001","42.60756","5.1000000000000005","42.617878","8356446.666666666"
"2023-04-23 13:38:03.252621","42.619","-0.0001","42.60756","5.1000000000000005","42.617878","8356446.666666666"
"2023-04-23 13:38:03.373446","42.619","-0.0001","42.60756","3.1","42.618318","13747844.516129034"
"2023-04-23 13:38:03.482117","42.619","-0.0001","43.05878","1.0","42.61878","42618780.0"
"2023-04-23 13:38:03.572660","43.069","0.0011","43.05878","773.9","42.898742000000006","55431.89300943275"
"2023-04-23 13:38:03.666841","43.069","-0.0001","43.05878","246.40000000000003","43.014792","174573.01948051946"
"2023-04-23 13:38:03.812393","43.069","-0.0001","43.05878","47.9","43.058462000000006","898924.0501043843"
"2023-04-23 13:38:03.901448","43.069","-0.0001","43.05878","18.3","43.064974","2353277.2677595625"
"2023-04-23 13:38:03.993860","43.069","-0.0001","43.05878","11.2","43.066536","3845226.4285714286"
"2023-04-23 13:38:04.085714","43.069","-0.0001","43.05878","3.1","43.068318000000005","13893005.806451615"
"2023-04-23 13:38:04.205841","43.069","-0.0001","43.05878","3.1","43.068318000000005","13893005.806451615"
"2023-04-23 13:38:04.296071","43.069","-0.0001","43.05878","5.1000000000000005","43.067878","8444681.960784314"
"2023-04-23 13:38:04.402851","43.069","-0.0001","43.50878","1.0","43.068780000000004","43068780.00000001"
"2023-04-23 13:38:04.495905","43.52","0.0011","43.50878","743.3000000000001","43.356474000000006","58329.710749360966"
"2023-04-23 13:38:04.635255","43.52","-0.0001","43.50878","134.39999999999998","43.490432000000006","323589.5238095239"
"2023-04-23 13:38:04.729288","43.52","-0.0001","43.50878","48.900000000000006","43.509242","889759.5501022495"
"2023-04-23 13:38:04.822921","43.52","-0.0001","43.50878","17.3","43.516194000000006","2515386.9364161855"
"2023-04-23 13:38:04.913590","43.52","-0.0001","43.50878","12.2","43.517316","3566993.1147540985"
"2023-04-23 13:38:05.027780","43.52","-0.0001","43.50878","8.1","43.518218000000005","5372619.50617284"
"2023-04-23 13:38:05.134026","43.52","-0.0001","43.95956","2.0","43.519560000000006","21759780.000000004"
"2023-04-23 13:38:05.225929","43.97","0.0011","43.95956","765.7","43.801546","57204.57881676897"
"2023-04-23 13:38:05.370687","43.97","-0.0001","43.95956","129.3","43.941554","339841.87161639595"
"2023-04-23 13:38:05.461276","43.97","-0.0001","43.95956","50.9","43.958802","863630.6876227898"
"2023-04-23 13:38:05.554874","43.97","-0.0001","43.95956","18.3","43.965973999999996","2402512.240437158"
"2023-04-23 13:38:05.646089","43.97","-0.0001","43.95956","15.299999999999999","43.966634","2873636.209150327"
"2023-04-23 13:38:05.767165","43.97","-0.0001","43.95956","8.1","43.968218","5428175.061728395"
"2023-04-23 13:38:05.857682","43.97","-0.0001","43.95956","6.1","43.968658","7207976.721311475"
"2023-04-23 13:38:05.953076","43.97","-0.0001","43.95956","5.1000000000000005","43.968878","8621348.627450978"
"2023-04-23 13:38:06.046256","43.97","-0.0001","43.95956","7.1","43.968438","6192737.746478873"
"2023-04-23 13:38:06.161871","43.97","-0.0001","43.95956","6.1","43.968658","7207976.721311475"
"2023-04-23 13:38:06.269578","43.97","-0.0001","44.40956","2.0","43.96956","21984780.0"
"2023-04-23 13:38:06.364356","44.421","0.0011","44.40956","728.0","44.26084","60797.857142857145"
"2023-04-23 13:38:06.458044","44.421","-0.0001","44.40956","222.0","44.37216","199874.5945945946"
"2023-04-23 13:38:06.604483","44.421","-0.0001","44.40956","39.7","44.412266","1118696.8765743072"
"2023-04-23 13:38:06.695160","44.421","-0.0001","44.40956","22.4","44.416072","1982860.3571428573"
"2023-04-23 13:38:06.787468","44.421","-0.0001","44.40956","8.1","44.419218","5483854.074074074"
"2023-04-23 13:38:06.880172","44.421","-0.0001","44.40956","10.200000000000001","44.418756","4354780.0"
"2023-04-23 13:38:07.014306","44.421","-0.0001","44.40956","8.1","44.419218","5483854.074074074"
"2023-04-23 13:38:07.108211","44.421","-0.0001","44.40956","4.1","44.420097999999996","10834170.24390244"
"2023-04-23 13:38:07.201964","44.421","-0.0001","44.40956","3.1","44.420318","14329134.838709679"
"2023-04-23 13:38:07.294484","44.421","-0.0001","44.40956","4.1","44.420097999999996","10834170.24390244"
"2023-04-23 13:38:07.396873","44.421","-0.0001","44.40956","6.1","44.419658","7281911.147540984"
"2023-04-23 13:38:07.497920","44.421","-0.0001","44.861","0","44.421","0"
"2023-04-23 13:38:07.589283","44.857","0.0011","44.861","816.6","44.677348","54711.42297330395"
"2023-04-23 13:38:07.681369","44.871","-0.0001","44.861","258.6","44.814108000000004","173295.08120649654"
"2023-04-23 13:38:07.817862","44.871","-0.0001","44.861","55.0","44.858900000000006","815616.3636363638"
"2023-04-23 13:38:07.908522","44.871","-0.0001","44.861","21.4","44.866292","2096555.7009345796"
"2023-04-23 13:38:08.001153","44.871","-0.0001","44.861","10.200000000000001","44.868756000000005","4398897.647058824"
"2023-04-23 13:38:08.094027","44.871","-0.0001","44.861","7.1","44.869438","6319639.154929578"
"2023-04-23 13:38:08.192046","44.871","-0.0001","44.861","3.1","44.870318000000005","14474296.12903226"
"2023-04-23 13:38:08.285248","44.871","-0.0001","44.861","6.1","44.869658","7355681.639344263"
"2023-04-23 13:38:08.378834","44.871","-0.0001","44.861","5.1000000000000005","44.869878","8798015.294117646"
"2023-04-23 13:38:08.480551","44.871","-0.0001","45.311","0","44.871","0"
"2023-04-23 13:38:08.624544","45.322","0.0005","45.311","397.1","45.234638000000004","113912.4603374465"
"2023-04-23 13:38:08.716312","45.322","-0.0001","45.311","131.4","45.293092","344696.28614916286"
"2023-04-23 13:38:08.807806","45.322","-0.0001","45.311","48.900000000000006","45.311242","926610.2658486707"
"2023-04-23 13:38:08.897492","45.322","-0.0001","45.311","22.4","45.317072","2023083.5714285716"
"2023-04-23 13:38:09.010164","45.322","-0.0001","45.311","10.200000000000001","45.319756000000005","4443113.333333334"
"2023-04-23 13:38:09.100774","45.322","-0.0001","45.311","8.1","45.320218000000004","5595088.641975309"
"2023-04-23 13:38:09.192258","45.322","-0.0001","45.311","4.1","45.321098","11053926.341463415"
"2023-04-23 13:38:09.284967","45.322","-0.0001","45.311","5.1000000000000005","45.320878","8886446.666666666"
"2023-04-23 13:38:09.416454","45.322","-0.0001","45.76156","2.0","45.321560000000005","22660780.000000004"
"2023-04-23 13:38:09.507787","45.773","0.0011","45.76156","770.8","45.603424000000004","59163.7571354437"
"2023-04-23 13:38:09.601643","45.773","-0.0001","45.76156","242.3","45.719694000000004","188690.4416013207"
"2023-04-23 13:38:09.692315","45.773","-0.0001","45.76156","83.5","45.754630000000006","547959.640718563"
"2023-04-23 13:38:09.809593","45.773","-0.0001","45.76156","27.5","45.76695","1664252.7272727273"
"2023-04-23 13:38:09.907603","45.773","-0.0001","45.76156","14.3","45.769854","3200689.090909091"
"2023-04-23 13:38:09.999975","45.773","-0.0001","45.76156","9.2","45.770976000000005","4975106.086956522"
"2023-04-23 13:38:10.092451","45.773","-0.0001","45.76156","6.1","45.771658","7503550.491803279"
"2023-04-23 13:38:10.186944","45.773","-0.0001","45.76156","3.1","45.772318000000006","14765263.870967744"
"2023-04-23 13:38:10.279066","45.773","-0.0001","45.76156","7.1","45.771438","6446681.408450705"
"2023-04-23 13:38:10.384272","45.773","-0.0001","46.21256","2.0","45.772560000000006","22886280.000000004"
"2023-04-23 13:38:10.477529","46.223","0.0011","46.21256","787.1","46.049838","58505.70194384449"
"2023-04-23 13:38:10.613372","46.238","-0.0001","46.21256","151.7","46.204626","304578.94528675015"
"2023-04-23 13:38:10.704908","46.238","-0.0001","46.21256","50.9","46.226802","908188.6444007859"
"2023-04-23 13:38:10.799914","46.238","-0.0001","46.21256","22.4","46.233072","2063976.4285714286"
"2023-04-23 13:38:10.891084","46.238","-0.0001","46.21256","13.200000000000001","46.235096","3502658.7878787876"
"2023-04-23 13:38:11.004515","46.238","-0.0001","46.21256","5.1000000000000005","46.236878","9066054.509803921"
"2023-04-23 13:38:11.095228","46.238","-0.0001","46.21256","9.2","46.235976","5025649.565217392"
"2023-04-23 13:38:11.203358","46.238","-0.0001","46.67756","2.0","46.23756","23118780.000000004"
"2023-04-23 13:38:11.356104","46.688","0.0011","46.67756","357.40000000000003","46.609372","130412.3447118075"
"2023-04-23 13:38:11.448518","46.688","-0.0001","46.67756","119.1","46.661798000000005","391786.71704450046"
"2023-04-23 13:38:11.541218","46.688","-0.0001","46.67756","42.8","46.678584","1090621.1214953272"
"2023-04-23 13:38:11.633565","46.688","-0.0001","46.67756","19.3","46.683754","2418847.357512953"
"2023-04-23 13:38:11.779636","46.688","-0.0001","46.67756","12.2","46.685316","3826665.245901639"
"2023-04-23 13:38:11.870196","46.688","-0.0001","46.67756","4.1","46.687098","11387097.073170733"
"2023-04-23 13:38:11.958466","46.688","-0.0001","46.67756","7.1","46.686438","6575554.647887325"
"2023-04-23 13:38:12.047234","46.688","-0.0001","46.67756","6.1","46.686658","7653550.491803279"
"2023-04-23 13:38:12.173180","46.688","-0.0001","46.67756","5.1000000000000005","46.686878","9154289.803921567"
"2023-04-23 13:38:12.266001","46.688","-0.0001","46.67756","5.1000000000000005","46.686878","9154289.803921567"
"2023-04-23 13:38:12.370796","46.688","-0.0001","47.12778","1.0","46.687780000000004","46687780.00000001"
"2023-04-23 13:38:12.461812","47.139","0.0011","47.12778","785.0999999999999","46.966278","59822.0328620558"
"2023-04-23 13:38:12.607117","47.139","-0.0001","47.12778","133.39999999999998","47.109652000000004","353145.81709145434"
"2023-04-23 13:38:12.698922","47.139","-0.0001","47.12778","50.9","47.127802","925890.0196463655"
"2023-04-23 13:38:12.789925","47.139","-0.0001","47.12778","21.4","47.134292","2202537.0093457946"
"2023-04-23 13:38:12.883254","47.139","-0.0001","47.12778","11.2","47.136536","4208619.285714285"
"2023-04-23 13:38:13.018383","47.139","-0.0001","47.12778","7.1","47.137438","6639075.774647888"
"2023-04-23 13:38:13.109167","47.139","-0.0001","47.12778","6.1","47.137658","7727484.918032787"
"2023-04-23 13:38:13.200525","47.139","-0.0001","47.12778","7.1","47.137438","6639075.774647888"
"2023-04-23 13:38:13.291335","47.139","-0.0001","47.12778","3.1","47.138318000000005","15205909.032258067"
"2023-04-23 13:38:13.401438","47.139","-0.0001","47.12778","5.1000000000000005","47.137878","9242721.176470587"
"2023-04-23 13:38:13.493725","47.139","-0.0001","47.12778","4.1","47.138098","11497097.073170733"
"2023-04-23 13:38:13.583817","47.139","-0.0001","47.12778","4.1","47.138098","11497097.073170733"
"2023-04-23 13:38:13.689284","47.139","-0.0001","47.57878","1.0","47.138780000000004","47138780.00000001"
"2023-04-23 13:38:13.834436","47.589","0.0005","47.57878","396.09999999999997","47.501858","119923.90305478415"
"2023-04-23 13:38:13.925730","47.589","-0.0001","47.57878","126.30000000000001","47.561214","376573.34916864603"
"2023-04-23 13:38:14.017870","47.589","-0.0001","47.57878","43.800000000000004","47.579364","1086286.8493150682"
"2023-04-23 13:38:14.109436","47.589","-0.0001","47.57878","19.3","47.584754","2465531.295336787"
"2023-04-23 13:38:14.235596","47.589","-0.0001","47.57878","11.2","47.586535999999995","4248797.857142857"
"2023-04-23 13:38:14.326604","47.589","-0.0001","47.57878","8.1","47.587218","5874965.185185185"
"2023-04-23 13:38:14.418169","47.589","-0.0001","47.57878","5.1000000000000005","47.587877999999996","9330956.470588233"
"2023-04-23 13:38:14.550840","47.589","-0.0001","48.02856","2.0","47.58856","23794280.0"
"2023-04-23 13:38:14.642221","48.04","0.0011","48.02856","794.2","47.865276","60268.54192898514"
"2023-04-23 13:38:14.735795","48.055","-0.0001","48.02856","256.6","47.998548","187055.9158222915"
"2023-04-23 13:38:14.829363","48.055","-0.0001","48.02856","87.60000000000001","48.035728","548353.0593607305"
"2023-04-23 13:38:14.973983","48.055","-0.0001","48.02856","21.4","48.050292","2245340.7476635515"
"2023-04-23 13:38:15.064786","48.055","-0.0001","48.02856","12.2","48.052316","3938714.426229508"
"2023-04-23 13:38:15.156798","48.055","-0.0001","48.02856","9.2","48.052976","5223149.565217392"
"2023-04-23 13:38:15.249225","48.055","-0.0001","48.02856","8.1","48.053218","5932496.0493827155"
"2023-04-23 13:38:15.374238","48.055","-0.0001","48.02856","4.1","48.054097999999996","11720511.707317073"
"2023-04-23 13:38:15.465703","48.055","-0.0001","48.02856","5.1000000000000005","48.053878","9422329.019607842"
"2023-04-23 13:38:15.557813","48.055","-0.0001","48.02856","4.1","48.054097999999996","11720511.707317073"
"2023-04-23 13:38:15.649400","48.055","-0.0001","48.02856","3.1","48.054318","15501392.903225807"
"2023-04-23 13:38:15.769174","48.055","-0.0001","48.02856","4.1","48.054097999999996","11720511.707317073"
"2023-04-23 13:38:15.861052","48.055","-0.0001","48.02856","4.1","48.054097999999996","11720511.707317073"
"2023-04-23 13:38:15.967871","48.055","-0.0001","48.495","0","48.055","0"
"2023-04-23 13:38:16.060490","48.505","0.0011","48.495","775.9000000000001","48.334302","62294.49929114577"
"2023-04-23 13:38:16.207657","48.505","-0.0001","48.495","125.2","48.477456000000004","387200.12779552717"
"2023-04-23 13:38:16.303894","48.505","-0.0001","48.495","45.800000000000004","48.494924000000005","1058841.135371179"
"2023-04-23 13:38:16.394346","48.505","-0.0001","48.495","21.4","48.500292","2266368.7850467293"
"2023-04-23 13:38:16.483087","48.505","-0.0001","48.495","10.200000000000001","48.502756000000005","4755172.156862745"
"2023-04-23 13:38:16.618272","48.505","-0.0001","48.495","7.1","48.503438","6831470.140845071"
"2023-04-23 13:38:16.712116","48.505","-0.0001","48.495","7.1","48.503438","6831470.140845071"
"2023-04-23 13:38:16.820140","48.505","-0.0001","48.94456","2.0","48.504560000000005","24252280.000000004"
"2023-04-23 13:38:16.972029","48.956","0.0011","48.94456","374.7","48.873566000000004","130433.85641846812"
"2023-04-23 13:38:17.066109","48.97","-0.0001","48.94456","127.30000000000001","48.941994","384461.85388845246"
"2023-04-23 13:38:17.160007","48.97","-0.0001","48.94456","45.800000000000004","48.959924","1068993.9737991267"
"2023-04-23 13:38:17.252110","48.97","-0.0001","48.94456","20.400000000000002","48.965512","2400270.196078431"
"2023-04-23 13:38:17.388908","48.97","-0.0001","48.94456","6.1","48.968658","8027648.852459016"
"2023-04-23 13:38:17.482271","48.97","-0.0001","48.94456","11.2","48.967535999999996","4372101.428571428"
"2023-04-23 13:38:17.574810","48.97","-0.0001","48.94456","7.1","48.968438","6896963.098591549"
"2023-04-23 13:38:17.670120","48.97","-0.0001","48.94456","6.1","48.968658","8027648.852459016"
"2023-04-23 13:38:17.791084","48.97","-0.0001","48.94456","5.1000000000000005","48.968878","9601740.784313723"
"2023-04-23 13:38:17.882990","48.97","-0.0001","48.94456","6.1","48.968658","8027648.852459016"
"2023-04-23 13:38:17.980051","48.97","-0.0001","48.94456","5.1000000000000005","48.968878","9601740.784313723"
"2023-04-23 13:38:18.087671","48.97","-0.0001","49.40978","1.0","48.96978","48969780.0"
"2023-04-23 13:38:18.240544","49.421","0.0005","49.40978","364.5","49.34081","135365.73388203015"
"2023-04-23 13:38:18.332809","49.421","-0.0001","49.40978","123.20000000000002","49.393896","400924.4805194805"
"2023-04-23 13:38:18.427147","49.421","-0.0001","49.40978","44.8","49.411144","1102927.3214285716"
"2023-04-23 13:38:18.523714","49.421","-0.0001","49.40978","17.3","49.417194","2856485.202312139"
"2023-04-23 13:38:18.646116","49.421","-0.0001","49.40978","12.2","49.418316","4050681.639344262"
"2023-04-23 13:38:18.734089","49.421","-0.0001","49.40978","7.1","49.419438","6960484.225352113"
"2023-04-23 13:38:18.823263","49.421","-0.0001","49.40978","7.1","49.419438","6960484.225352113"
"2023-04-23 13:38:18.914755","49.421","-0.0001","49.40978","9.2","49.418976","5371627.826086957"
"2023-04-23 13:38:19.025633","49.421","-0.0001","49.40978","4.1","49.420097999999996","12053682.43902439"
"2023-04-23 13:38:19.116736","49.421","-0.0001","49.40978","4.1","49.420097999999996","12053682.43902439"
"2023-04-23 13:38:19.207890","49.421","-0.0001","49.40978","5.1000000000000005","49.419878","9690172.156862743"
"2023-04-23 13:38:19.302690","49.421","-0.0001","49.40978","5.1000000000000005","49.419878","9690172.156862743"
"2023-04-23 13:38:19.450985","49.421","-0.0001","49.861","0","49.421","0"
"2023-04-23 13:38:19.542136","49.886","0.0011","49.861","772.8000000000001","49.715984000000006","64332.277432712224"
"2023-04-23 13:38:19.634704","49.886","-0.0001","49.861","250.50000000000003","49.830890000000004","198925.70858283434"
"2023-04-23 13:38:19.724385","49.886","-0.0001","49.861","84.5","49.86741","590146.8639053255"
"2023-04-23 13:38:19.843345","49.886","-0.0001","49.861","28.5","49.87973","1750165.9649122807"
"2023-04-23 13:38:19.934310","49.886","-0.0001","49.861","16.3","49.882414000000004","3060270.797546013"
"2023-04-23 13:38:20.026955","49.886","-0.0001","49.861","9.2","49.883976000000004","5422171.304347826"
"2023-04-23 13:38:20.120478","49.886","-0.0001","49.861","6.1","49.884658","8177812.786885246"
"2023-04-23 13:38:20.234840","49.886","-0.0001","49.861","7.1","49.884438","7025977.183098592"
"2023-04-23 13:38:20.324792","49.886","-0.0001","49.861","5.1000000000000005","49.884878","9781348.62745098"
"2023-04-23 13:38:20.415338","49.886","-0.0001","49.861","7.1","49.884438","7025977.183098592"
"2023-04-23 13:38:20.509981","49.886","-0.0001","49.861","4.1","49.885098","12167097.073170733"
"2023-04-23 13:38:20.615183","49.886","-0.0001","49.861","6.1","49.884658","8177812.786885246"
"2023-04-23 13:38:20.721026","49.886","-0.0001","50.32556","2.0","49.885560000000005","24942780.000000004"
"2023-04-23 13:38:20.813452","50.336","0.0011","50.32556","763.6999999999999","50.167986","65690.69791803064"
